{"subject_type": "疾病", "predicate": "预防", "object_type": "其他"}
{"subject_type": "疾病", "predicate": "阶段", "object_type": "其他"}
{"subject_type": "疾病", "predicate": "就诊科室", "object_type": "其他"}
{"subject_type": "其他", "predicate": "同义词", "object_type": "其他"}
{"subject_type": "疾病", "predicate": "辅助治疗", "object_type": "其他治疗"}
{"subject_type": "疾病", "predicate": "化疗", "object_type": "其他治疗"}
{"subject_type": "疾病", "predicate": "放射治疗", "object_type": "其他治疗"}
{"subject_type": "其他治疗", "predicate": "同义词", "object_type": "其他治疗"}
{"subject_type": "疾病", "predicate": "手术治疗", "object_type": "手术治疗"}
{"subject_type": "手术治疗", "predicate": "同义词", "object_type": "手术治疗"}
{"subject_type": "疾病", "predicate": "实验室检查", "object_type": "检查"}
{"subject_type": "疾病", "predicate": "影像学检查", "object_type": "检查"}
{"subject_type": "疾病", "predicate": "辅助检查", "object_type": "检查"}
{"subject_type": "疾病", "predicate": "组织学检查", "object_type": "检查"}
{"subject_type": "检查", "predicate": "同义词", "object_type": "检查"}
{"subject_type": "疾病", "predicate": "内窥镜检查", "object_type": "检查"}
{"subject_type": "疾病", "predicate": "筛查", "object_type": "检查"}
{"subject_type": "疾病", "predicate": "多发群体", "object_type": "流行病学"}
{"subject_type": "疾病", "predicate": "发病率", "object_type": "流行病学"}
{"subject_type": "疾病", "predicate": "发病年龄", "object_type": "流行病学"}
{"subject_type": "疾病", "predicate": "多发地区", "object_type": "流行病学"}
{"subject_type": "疾病", "predicate": "发病性别倾向", "object_type": "流行病学"}
{"subject_type": "疾病", "predicate": "死亡率", "object_type": "流行病学"}
{"subject_type": "疾病", "predicate": "多发季节", "object_type": "流行病学"}
{"subject_type": "疾病", "predicate": "传播途径", "object_type": "流行病学"}
{"subject_type": "流行病学", "predicate": "同义词", "object_type": "流行病学"}
{"subject_type": "疾病", "predicate": "同义词", "object_type": "疾病"}
{"subject_type": "疾病", "predicate": "并发症", "object_type": "疾病"}
{"subject_type": "疾病", "predicate": "病理分型", "object_type": "疾病"}
{"subject_type": "疾病", "predicate": "相关（导致）", "object_type": "疾病"}
{"subject_type": "疾病", "predicate": "鉴别诊断", "object_type": "疾病"}
{"subject_type": "疾病", "predicate": "相关（转化）", "object_type": "疾病"}
{"subject_type": "疾病", "predicate": "相关（症状）", "object_type": "疾病"}
{"subject_type": "疾病", "predicate": "临床表现", "object_type": "症状"}
{"subject_type": "疾病", "predicate": "治疗后症状", "object_type": "症状"}
{"subject_type": "疾病", "predicate": "侵及周围组织转移的症状", "object_type": "症状"}
{"subject_type": "症状", "predicate": "同义词", "object_type": "症状"}
{"subject_type": "疾病", "predicate": "病因", "object_type": "社会学"}
{"subject_type": "疾病", "predicate": "高危因素", "object_type": "社会学"}
{"subject_type": "疾病", "predicate": "风险评估因素", "object_type": "社会学"}
{"subject_type": "疾病", "predicate": "病史", "object_type": "社会学"}
{"subject_type": "疾病", "predicate": "遗传因素", "object_type": "社会学"}
{"subject_type": "社会学", "predicate": "同义词", "object_type": "社会学"}
{"subject_type": "疾病", "predicate": "发病机制", "object_type": "社会学"}
{"subject_type": "疾病", "predicate": "病理生理", "object_type": "社会学"}
{"subject_type": "疾病", "predicate": "药物治疗", "object_type": "药物"}
{"subject_type": "药物", "predicate": "同义词", "object_type": "药物"}
{"subject_type": "疾病", "predicate": "发病部位", "object_type": "部位"}
{"subject_type": "疾病", "predicate": "转移部位", "object_type": "部位"}
{"subject_type": "疾病", "predicate": "外侵部位", "object_type": "部位"}
{"subject_type": "部位", "predicate": "同义词", "object_type": "部位"}
{"subject_type": "疾病", "predicate": "预后状况", "object_type": "预后"}
{"subject_type": "疾病", "predicate": "预后生存率", "object_type": "预后"}
