{"text": "急性胰腺炎@有研究显示，进行早期 ERCP （24 小时内）可以降低梗阻性胆总管结石患者的并发症发生率和死亡率； 但是，对于无胆总管梗阻的胆汁性急性胰腺炎患者，不需要进行早期 ERCP。", "spo_list": [{"Combined": false, "predicate": "影像学检查", "subject": "急性胰腺炎", "subject_type": "疾病", "object": {"@value": "ERCP"}, "object_type": {"@value": "检查"}}]}
{"text": "【诊断】 根据疾病诊断和统计手册第4版标准，焦虑情绪持续6个月以上，并至少下述4项症状： 1.担忧将来的意外事件； 2.担忧自己的能力； 3.担忧过去的行为； 4.躯体不适症状； 5.自我意识（对主体的自我认识）； 6.不断需要得到他人的确认； 7.持续紧张和（或）不能放松； 广泛性焦虑症影响社会交往，与分离性焦虑症比较，更多伴有其他焦虑症，如惊恐发作或单纯性恐怖症。 （二）社交性焦虑 尽管两种疾病均害怕在公众场合下说话，但广泛性焦虑也害怕对过去和将来情形的焦虑。", "spo_list": [{"Combined": true, "predicate": "鉴别诊断", "subject": "广泛性焦虑症", "subject_type": "疾病", "object": {"@value": "社交性焦虑"}, "object_type": {"@value": "疾病"}}, {"Combined": true, "predicate": "鉴别诊断", "subject": "广泛性焦虑症", "subject_type": "疾病", "object": {"@value": "分离性焦虑"}, "object_type": {"@value": "疾病"}}]}
{"text": "骨性关节炎@在其他关节（如踝关节和腕关节），骨性关节炎比较少见，并且一般有潜在的病因（如结晶性关节病、创伤）。", "spo_list": [{"Combined": false, "predicate": "发病部位", "subject": "骨性关节炎", "subject_type": "疾病", "object": {"@value": "关节"}, "object_type": {"@value": "部位"}}, {"Combined": false, "predicate": "发病部位", "subject": "骨性关节炎", "subject_type": "疾病", "object": {"@value": "踝关节"}, "object_type": {"@value": "部位"}}, {"Combined": false, "predicate": "发病部位", "subject": "骨性关节炎", "subject_type": "疾病", "object": {"@value": "腕关节"}, "object_type": {"@value": "部位"}}, {"Combined": false, "predicate": "病因", "subject": "骨性关节炎", "subject_type": "疾病", "object": {"@value": "结晶性关节病"}, "object_type": {"@value": "社会学"}}, {"Combined": false, "predicate": "病因", "subject": "骨性关节炎", "subject_type": "疾病", "object": {"@value": "创伤"}, "object_type": {"@value": "社会学"}}]}
